<?xml version="1.0" encoding="UTF-8"?>
<!DOCTYPE configuration PUBLIC "-//mybatis.org//DTD Config 3.0//EN" "http://mybatis.org/dtd/mybatis-3-config.dtd">
<configuration>
<settings>
	<setting name="useGeneratedKeys" value="true"/>
	<setting name="lazyLoadingEnabled" value="true"/>
</settings>
<typeAliases>
	<typeAlias type="com.geyao.mybatis.pojo.Blog" alias="Blog"/>
	<typeAlias type="com.geyao.mybatis.pojo.Author" alias="Author"/>
	<typeAlias type="com.geyao.mybatis.pojo.Comment" alias="Comment"/>
	<typeAlias type="com.geyao.mybatis.pojo.Post" alias="Post"/>
	<typeAlias type="com.geyao.mybatis.pojo.Vehicle" alias="Vehicle"/>
	 
	<package name="com.geyao.mybatis.pojo"/>
	
</typeAliases>
    <environments default="development">
        <environment id="development">
            <transactionManager type="JDBC" />
            <!-- 配置数据库连接信息 -->
            <dataSource type="POOLED">
                <property name="driver" value="com.mysql.cj.jdbc.Driver" />
                <property name="url" value="jdbc:mysql://localhost:3306/blog_gp1701?serverTimezone=GMT%2B8" />
                <property name="username" value="root" />
                <property name="password" value="123" />
            </dataSource>
        </environment>
    </environments>
      <mappers>
        <!-- 注册userMapper.xml文件， 
         userMapper.xml位于me.gacl.mapping这个包下，所以resource写成me/gacl/mapping/userMapper.xml-->
         <mapper resource="com/geyao/mybatis/mapper/BlogMapper.xml"/>
          <mapper resource="com/geyao/mybatis/mapper/AuthorMapper.xml"/>
          <mapper resource="com/geyao/mybatis/mapper/PostMapper.xml"/>
          <mapper resource="com/geyao/mybatis/mapper/CommentMapper.xml"/>
           <mapper resource="com/geyao/mybatis/mapper/VehicleMapper.xml"/>
     </mappers>
</configuration>
