<?xml version="1.0" encoding="UTF-8" ?>
<!DOCTYPE mapper PUBLIC "-//mybatis.org//DTD Mapper 3.0//EN" "http://mybatis.org/dtd/mybatis-3-mapper.dtd">
<mapper namespace="com.geyao.mybatis.mapper.BlogMapper">
   <resultMap type="Blog" id="blogResultMap">
   <id column="id" property="id" jdbcType="INTEGER"></id>                                     
    <association property="author" column="author" javaType="Author"
         select="com.geyao.mybatis.mapper.AuthorMapper.selectAuthorById">
   </association>
   </resultMap>
   
   <select id="selectBlogById" parameterType="int" resultMap="blogResultMap">
   select * from Blog where id=#{id}
   </select>
   
    <select id="selectBlogList"  resultMap="blogResultMap">
   select * from Blog 
   </select>
   <resultMap type="Blog" id="blogResultMapNested">
   <id column="blog_id" property="id"></id>
   <result column="blog_title" property="title"></result>
   <result column="blog_state" property="state"></result>
   <result column="blog_featured" property="featured"></result>
   <result column="blog_style" property="style"></result>
   
   <association column="blog_atuthor" property="author" javaType="Author">
   <id column="author_id" property="id"></id>
   <result column="author_username" property="username"></result>
   <result column="author_password" property="password"></result>
   <result column="author_email" property="email"></result>
   <result column="author_bio" property="bio"></result>
   <result column="blog_favouriteSection" property="favouriteSection"></result>
   <result column="blog_nickname" property="nickname"></result>
   <result column="blog_realname" property="realname"></result>
   </association>
   </resultMap>
   <select id="selectBlogListNested" resultMap="blogResultMapNested">
    SELECT
   b.id AS blog_id,
   b.title AS blog_title,
   b.author AS blog_author,
   b.state AS blog_state,
   b.featured AS blog_featured,
   b.style AS blog_style,
   
   a.id AS author_id,
   a.username AS author_username,
   a.password AS author_password,
   a.email AS author_email,
   a.bio AS author_bio,
		a.favouriteSection AS author_favouriteSection,
   a.nickname AS author_nickname,
   a.realname AS author_realname
   
   FROM blog b
   LEFT JOIN author a
   ON b.author= a.id
   </select>
 <resultMap type="Blog" id="blogResultMapConstructor">
 <constructor>
 	<idArg column="id" javaType="int"></idArg>
 	<arg column="title" javaType="string"></arg>
 </constructor>
 </resultMap>
 <select id="selectBlogByIdConstructor" parameterType="int" resultMap="blogResultMapConstructor">
 select * from blog where id= #{id}
 </select>
</mapper>
