<?xml version="1.0" encoding="UTF-8" ?>
<!DOCTYPE mapper PUBLIC "-//mybatis.org//DTD Mapper 3.0//EN" "http://mybatis.org/dtd/mybatis-3-mapper.dtd">
<!-- 为这个mapper指定一个唯一的namespace，namespace的值习惯上设置成包名+sql映射文件名，这样就能够保证namespace的值是唯一的
例如namespace="me.gacl.mapping.userMapper"就是me.gacl.mapping(包名)+userMapper(userMapper.xml文件去除后缀)
 -->
<mapper namespace="com.geyao.mybatis.mapper.CommentMapper">
   <resultMap type="Comment" id="commentResultMap">
   <id column="id" property="id" jdbcType="INTEGER"></id>
 
   </resultMap>
    <select id="selectCommentByPostId" parameterType="int" resultMap="commentResultMap">
   select * from comment where post_id=#{postId}
   </select>
   <select id="selectCommentById" parameterType="int" resultMap="commentResultMap">
   select * from comment where id=#{id}
   </select>
</mapper>
 