<?xml version="1.0" encoding="UTF-8" ?>
<!DOCTYPE mapper PUBLIC "-//mybatis.org//DTD Mapper 3.0//EN" "http://mybatis.org/dtd/mybatis-3-mapper.dtd">
<!-- 为这个mapper指定一个唯一的namespace，namespace的值习惯上设置成包名+sql映射文件名，这样就能够保证namespace的值是唯一的
例如namespace="me.gacl.mapping.userMapper"就是me.gacl.mapping(包名)+userMapper(userMapper.xml文件去除后缀)
 -->
<mapper namespace="com.geyao.mybatis.mapper.PostMapper">
   <resultMap type="Post" id="postResultMap">
   <id column="id" property="id" jdbcType="INTEGER"></id>
 <collection property="commentList" column="id" javaType="ArrayList" ofType="Comment"
 select="com.geyao.mybatis.mapper.CommentMapper.selectCommentByPostId"></collection>
   </resultMap>
   <select id="selectPostById" parameterType="int" resultMap="postResultMap">
   select * from post where id=#{id}
   </select>
</mapper>
