<?xml version="1.0" encoding="UTF-8" ?>
<!DOCTYPE mapper PUBLIC "-//mybatis.org//DTD Mapper 3.0//EN" "http://mybatis.org/dtd/mybatis-3-mapper.dtd">
<!-- 为这个mapper指定一个唯一的namespace，namespace的值习惯上设置成包名+sql映射文件名，这样就能够保证namespace的值是唯一的
例如namespace="me.gacl.mapping.userMapper"就是me.gacl.mapping(包名)+userMapper(userMapper.xml文件去除后缀)
 -->
<mapper namespace="com.geyao.mybatis.mapper.VehicleMapper">
   <resultMap type="Vehicle" id="vehicleResultMap">
   <id column="id" property="id" jdbcType="INTEGER"></id>
 <discriminator javaType="int" column="vehicle_type">
 <case value="1" resultType="Car">
 	<result column="door_count" property="doorCount"></result>
 </case>
 <case value="2" resultType="Suv">
 	<result column="all_wheel_drive" property="allWheelDrive"></result>
 </case>
 </discriminator>
   </resultMap>
   <select id="selectVehicleById" parameterType="int" resultMap="vehicleResultMap">
   select * from vehicle where id=#{id}
   </select>
</mapper>
